<?xml version="1.0" encoding="utf-8"?>
<extension version="2.5" type="component" method="upgrade">
	<name>Social Promoter</name>8
	<author>Daniel Eliasson (daniel@stilero.com)</author>
	<creationDate>2013-dec-25</creationDate>
	<copyright>Copyright (c) 2013-dec-25 Stilero Webdesign (http://www.stilero.com). All rights reserved.</copyright>
	<authorEmail>joomla@stilero.com</authorEmail>
	<authorUrl>www.stilero.com</authorUrl>
	<version>1.1</version>
	<license>GPLv2</license>
	<description>Description</description>
        <install>
            <sql>
                <file driver="mysql" charset="utf8">sql/install.sql</file>
            </sql>
	</install>
	<uninstall>
            <sql>
                <file driver="mysql" charset="utf8">sql/uninstall.sql</file>
            </sql>
	</uninstall>
        
	<files folder="site">
		<filename>index.html</filename>
		<filename>socialpromoter.php</filename>
                <filename>controller.php</filename>
		<folder>models</folder>
		<folder>views</folder>
		<folder>controllers</folder>
	</files>
        <media destination="socialpromoter">
            <folder>assets/js</folder>
            <folder>assets/css</folder>
        </media>
        <!--
	<languages folder="language">
            <language tag="en-GB">site/language/en-GB.com_socialpromoter.ini</language>
            <language tag="sv-SE">site/language/sv-SE.com_socialpromoter.ini</language>
            <language tag="en-GB">site/language/en-GB.com_socialpromoter.sys.ini</language>
            <language tag="sv-SE">site/language/sv-SE.com_socialpromoter.sys.ini</language>
        </languages>
        -->
        <config>
            <fields name="params" addfieldpath="/plugins/content/socialpromoter/elements">
                    <fieldset name="settings" label="COM_SOCIALPROMOTER_SETTINGS">
                            <field name="custom_field" type="customfieldname" default="" label="COM_SOCIALPROMOTER_PARAMNAME" description="COM_SOCIALPROMOTER_PARAMNAME_DESC"/>
                            <field name="param_name" type="text"  default="" label="COM_SOCIALPROMOTER_PARAMNAME" description="COM_SOCIALPROMOTER_PARAMNAME_DESC"/>
                            <field name="param_name2" type="radio" default="1" label="COM_SOCIALPROMOTER_PARAMNAME2" description="COM_SOCIALPROMOTER_PARAMNAME2_DESC">
                                    <option value="1">Yes</option>
                                    <option value="0">No</option>
                            </field>
                            <field type="spacer" default="COM_SOCIALPROMOTER_SPACER"/>
                    </fieldset>
                    <fieldset name="other" label="COM_SOCIALPROMOTER_FIELDSET">
                            <field name="param_name" type="text"  default="" label="COM_SOCIALPROMOTER_PARAMNAME" description="COM_SOCIALPROMOTER_PARAMNAME_DESC"/>
                            <field name="param_name2" type="radio" default="1" label="COM_SOCIALPROMOTER_PARAMNAME2" description="COM_SOCIALPROMOTER_PARAMNAME2_DESC">
                                    <option value="1">Yes</option>
                                    <option value="0">No</option>
                            </field>
                            <field type="spacer" default="COM_SOCIALPROMOTER_SPACER"/>
                    </fieldset>
            </fields>
        </config>
	<administration>
            <!-- Administration Menu Section -->
           <menu img="../media/socialpromoter/images/menu1.png" link="index.php?option=com_socialpromoter">Social Promoter</menu>
            <!-- Administration Main File Copy Section -->
            <!-- Note the folder attribute: This attribute describes the folder
                    to copy FROM in the package to install therefore files copied
                    in this section are copied from /admin/ in the package -->
            <files folder="admin">
                    <!-- Admin Main File Copy Section -->
                    <filename>index.html</filename>
                    <filename>socialpromoter.php</filename>
                    <filename>controller.php</filename>
                    <folder>views</folder>
                    <folder>controllers</folder>
                    <folder>library</folder>
                    <folder>helpers</folder>
                    <folder>assets</folder>
                    <folder>models</folder>
                    <folder>tables</folder>
                    <folder>sql</folder>
            </files>
            <languages folder="language">
	       <language tag="en-GB">admin/language/en-GB.com_socialpromoter.ini</language>
               <language tag="en-GB">admin/language/en-GB.com_socialpromoter.sys.ini</language>
	    </languages>
	</administration>
</extension>